tick,x
0,0.09944981032431324
1,0.17261231657342088
2,0.10082888352288565
3,0.015422946496846668
4,0.03754282632818229
5,0.09147856642333017
6,0.028602047281702292
7,-0.08044366690284847
8,-0.09565431930419002
9,0.020428492363680606
10,0.08339594934508231
11,0.07484389486324516
12,0.18606614092448623
13,0.13879483438581855
14,0.04601832747366576
15,0.07415791282742573
16,0.03660485929152427
17,0.08005069642375252
18,-0.013233854988693783
19,0.01179708421656129
20,0.13329087059856298
21,0.16940266623882752
22,0.20958366174575815
23,0.33185568264985144
24,0.316412375481409
25,0.3156898200723149
26,0.4198034603465295
27,0.40267648372528586
28,0.3970429719422513
29,0.2593809572206961
30,0.37529058959244693
31,0.27583742770060565
32,0.12694676525373985
33,0.05673166837855288
34,-0.14216377412498538
35,-0.2697418991116888
36,-0.27673804466058655
37,-0.17307724717984652
38,-0.19371002641512336
39,-0.17280299054389814
40,-0.1974134544624255
41,-0.3350000253124249
42,-0.367912199447722
43,-0.40138671879309445
44,-0.3057802087550526
45,-0.3052235121664741
46,-0.3881717330805339
47,-0.2349384258852141
48,-0.1436622268555432
49,-0.2264375648305832
50,-0.14108445878732173
51,-0.292212877446993
52,-0.26537626009518717
53,-0.2435825016997511
54,-0.13171074019016288
55,-0.2507145461941482
56,-0.22750142185671043
57,-0.18214355728740403
58,-0.22304415445688922
59,-0.17952601820227998
60,-0.005857998055264685
61,-0.055436051062022915
62,-0.20308052832017767
63,-0.1719023773783459
64,-0.14598804070071164
65,-0.21642382462513182
66,-0.21544330318245095
67,-0.2513667098750245
68,-0.29222570087910904
69,-0.29044241549820515
70,-0.15834152928551018
71,-0.24474420899611815
72,-0.19641876343159886
73,-0.20779876119453816
74,-0.15487309702367785
75,-0.058663155955364324
76,0.010251033236681487
77,0.02768748137026081
78,0.0999150022200567
79,0.043264652929133625
80,0.10657095823042631
81,0.08802091382796082
82,0.029268888504060064
83,-0.11638988091582138
84,-0.2621959043643472
85,-0.30499269222705855
86,-0.33326922993517843
87,-0.3089738419207539
88,-0.34273096006569587
89,-0.3025496483460988
90,-0.33385777306847825
91,-0.3254107928321869
92,-0.2657459603592863
93,-0.2845866521469063
94,-0.2752460421399802
95,-0.17398480705130875
96,-0.11378714916655899
97,0.02083606142190919
98,0.03243938871252035
99,-0.04510580189199082
100,-0.02963400495384749
101,0.040325705637114115
102,0.1590235072736226
103,0.05146631763371361
104,-0.09725763679285973
105,0.009623182650468937
106,-0.034099828902587254
107,0.023973780338922515
108,0.14734436158141923
109,0.23768244968772584
110,0.226624409754841
111,0.053905049303262925
112,0.0888794518305486
113,0.14132319483826178
114,0.08496211710880108
115,0.17981726729712794
116,0.32180848483583174
117,0.33306152463150374
118,0.44066785682102405
119,0.4038739814004261
120,0.47200429741993233
121,0.5141904097902563
122,0.4878407594629816
123,0.5300858785335172
124,0.5926399311323813
125,0.6722039466197457
126,0.7079816631904682
127,0.7458888687160088
128,0.9327522619666075
129,1.0082411050767641
130,0.9221580577700286
131,0.9418325950729693
132,0.9953036728231417
133,0.8503398823015813
134,0.9793519809477957
135,0.9281658085577973
136,1.0084316288585657
137,1.0014346132552252
138,1.081802521373983
139,1.0510678378859728
140,1.0480911155544084
141,1.005629000430013
142,1.0406590618711062
143,0.9568597736634569
144,0.9149970105936089
145,1.135083250169354
146,1.1469224305182217
147,1.290601907863709
148,1.310783761329823
149,1.3627903331783184
150,1.4136581698405077
151,1.328392243883499
152,1.1284040787693346
153,1.1362959049749686
154,1.1512339705960501
155,1.071135743031127
156,0.9069431706677691
157,1.0442740929131764
158,1.0926996561485547
159,1.2225598565577638
160,1.2442274760410241
161,1.330655245540286
162,1.3800679413085013
163,1.3317538155393895
164,1.3464539019157056
165,1.4041754874150285
166,1.5146328170074006
167,1.573400596927451
168,1.5493824549730344
169,1.604217025699765
170,1.54134187511496
171,1.4260967586444233
172,1.3923519274740956
173,1.261959191810883
174,1.2485938427781849
175,1.3931166389966938
176,1.4733237636851588
177,1.3337953581564943
178,1.3371806923011664
179,1.437284356259133
180,1.4113198107031824
181,1.278400368280252
182,1.4047543678699361
183,1.4065172762363813
184,1.3379180280763463
185,1.1582137619831052
186,1.2415433377785874
187,1.150982283847175
188,1.3033259401845336
189,1.3600116821276764
190,1.4437059866883788
191,1.6346801642112188
192,1.5239804344302812
193,1.419229742376918
194,1.5107933575098969
195,1.3981479982170208
196,1.3439694638010202
197,1.1902481020159272
198,1.1443248570367914
199,0.9411358622923486
200,0.9745561793850277
201,0.8930115355788417
202,0.7700318324790715
203,0.7891151036762982
204,0.6978067199063834
205,0.7650281634324559
206,0.6769906958824393
207,0.787479608082882
208,0.8010861561854435
209,0.865002406739306
210,0.7732694497266799
211,0.8497512726273502
212,0.9095092900521319
213,0.9298858147984859
214,0.9704405082971461
215,0.9337105605421487
216,0.9776772273555002
217,0.923936147014878
218,0.9392716432997781
219,0.8910690548363811
220,0.9946237515972739
221,1.0744990240448784
222,1.1753218813844677
223,1.1666717959323887
224,1.1199809967709045
225,1.2032786198352503
226,1.2716724242978044
227,1.2053590348879748
228,1.2690155501161497
229,1.0588116536015182
230,1.0962112863068874
231,1.130628435296133
232,1.1968296807095553
233,1.1646633824881902
234,1.2461892900990197
235,1.218248627789753
236,1.2235765481398158
237,1.2685204762976074
238,1.2854778214538365
239,1.2793411756659465
240,1.1693294942875014
241,1.145948666495246
242,1.0979444231885058
243,1.0889985393962618
244,1.2393651038372133
245,1.374762745324599
246,1.2892793042927067
247,1.2631153634090102
248,1.262543838789141
249,1.1799241728106526
250,1.1913648686393197
251,1.2435147255400776
252,1.200067807269338
253,1.1806989658275198
254,1.2400575565175054
255,1.3395946823029348
256,1.2921162118415548
257,1.3600989634930505
258,1.3411195326946115
259,1.427739869375694
260,1.4159606536535483
261,1.3872461984745998
262,1.295617148580944
263,1.311888310283456
264,1.3134740116859391
265,1.337193869561868
266,1.2997297140117066
267,1.3588696786103163
268,1.3241281016287365
269,1.2151178683185921
270,1.2803710543484956
271,1.197252404143227
272,1.1983641884929823
273,1.2691979620177474
274,1.2244235225533
275,1.214030512651634
276,1.170525287281363
277,1.1008699958999948
278,1.275776935145695
279,1.2110645466540866
280,1.3459192922185048
281,1.3815139813085369
282,1.4209929334951688
283,1.50738942322314
284,1.6079031250906857
285,1.5553902195598608
286,1.5645424814163833
287,1.424151054467301
288,1.288862458965616
289,1.305687300128188
290,1.3126308930764428
291,1.3668383428372461
292,1.346101224036809
293,1.3573313694292346
294,1.2677241483863517
295,1.2242659449271434
296,1.289712662956732
297,1.3101390307373844
298,1.233764736848388
299,1.1467993168140114
300,1.2358506039838573
301,1.2728882528981627
302,1.2198270190443778
303,1.1390385562606886
304,1.045454825072177
305,1.1744817472274725
306,1.2994559360796705
307,1.3610553799526868
308,1.2752763938971212
309,1.3176747629737935
310,1.344591331992382
311,1.2377556715364617
312,1.2074598444498084
313,1.0910967861242593
314,1.1095247349453408
315,1.0232550205994062
316,0.9956794911351503
317,1.0336969947861079
318,0.891752875794511
319,1.039260162866056
320,1.0206845666889655
321,1.0729864291980533
322,1.027433386653553
323,1.02218212042574
324,1.0243666917149232
325,1.1079175176131437
326,1.095157231416345
327,0.9348471039015627
328,0.9290425969376515
329,0.8509123309963741
330,0.8234854925974134
331,0.8437021359355773
332,0.7987435033407095
333,0.7405276772989423
334,0.8872606520589605
335,0.9040741426596722
336,0.8731411446483179
337,0.8977076172043108
338,0.9091818101188475
339,0.9492735657604789
340,1.0034829790886426
341,1.131430262802086
342,1.3434135664596956
343,1.3794892165367811
344,1.2984325558798402
345,1.3776277846505216
346,1.4125093394782242
347,1.292658125658267
348,1.3029315370704693
349,1.362386560094263
350,1.2132147332440157
351,1.2463492938513119
352,1.2805743319999423
353,1.3301428610682793
354,1.3128238636443759
355,1.2970796637108655
356,1.2426004793601795
357,1.2527248492841057
358,1.2495644250060567
359,1.3299905479790737
360,1.368219661934738
361,1.2035145662635789
362,1.2431016447057632
363,1.3131973310223066
364,1.2936677636448577
365,1.4048525498626476
366,1.4885041565107884
367,1.4440512183433396
368,1.3287718690429169
369,1.3852579520074886
370,1.283355461605301
371,1.2255002276636027
372,1.1902891429287408
373,1.1209282493487815
374,1.2607299667844145
375,1.2457878272172775
376,1.1739641313735456
377,1.2847537136560723
378,1.3081025761853182
379,1.2351559553979805
380,1.2008118554055134
381,1.332771386671407
382,1.2107932654314093
383,1.1597163157131254
384,1.0933637958395084
385,1.0483943562942701
386,1.2402079718729264
387,1.1970300976988821
388,1.1283457401960904
389,0.9694112172059508
390,0.9906345332563629
391,0.8439400120854044
392,0.9051507645370774
393,0.8510624306707361
394,0.750530244036454
395,0.7886553067720838
396,0.6734831994388716
397,0.5978571083628289
398,0.6457430958074918
399,0.5838052321171963
400,0.6721472829818622
401,0.6906688390329341
402,0.5337535037362938
403,0.5931637163059417
404,0.5734920660502102
405,0.590131674530888
406,0.49334950242201675
407,0.3988469519680666
408,0.3177059835205497
409,0.33002290302382997
410,0.3890588970670963
411,0.3011465266142618
412,0.3351389296372178
413,0.3701473818860502
414,0.4101884513379405
415,0.3556069706629953
416,0.3922609078474074
417,0.40117007462913884
418,0.4211761276800099
419,0.5015192127278458
420,0.6138676277259405
421,0.7051530294868679
422,0.7274657191917189
423,0.6569168049405039
424,0.7315164667195124
425,0.7254240147682601
426,0.7280254251013505
427,0.6916402516489311
428,0.7319531836518556
429,0.6654562539854209
430,0.6155657617121875
431,0.6954209679832167
432,0.6425161021668735
433,0.5532761546867175
434,0.6447672329686526
435,0.7157074280136009
436,0.8843194912814911
437,1.0038040109574204
438,1.0957117396259417
439,1.17488961104272
440,1.2704075587047028
441,1.2588377817000072
442,1.3454367666275984
443,1.2794458353797007
444,1.310016412793154
445,1.3539417615415485
446,1.3369494049897006
447,1.3277712188002768
448,1.2728890948829932
449,1.2605176598436163
450,1.360179947949327
451,1.282869201418861
452,1.3628316464876862
453,1.4638074606509157
454,1.4703897384716038
455,1.5037435412194995
456,1.443243289100058
457,1.4657231389787069
458,1.3673047923038297
459,1.227924524685092
460,1.250323391030301
461,1.3150868322273312
462,1.33189851507495
463,1.256862925823477
464,1.3032679136159984
465,1.3433833078731834
466,1.335580958381061
467,1.367116146858308
468,1.4176102554105312
469,1.5068353475968292
470,1.4699078443896991
471,1.525372975393112
472,1.5046153099393047
473,1.3789048727680193
474,1.4635553462491973
475,1.4339425909824048
476,1.3316962685890248
477,1.4545632664238706
478,1.3514961644430832
479,1.2775948269644677
480,1.3218396978033027
481,1.278177700847585
482,1.2946231576331586
483,1.1936226338158955
484,1.2473115958372023
485,1.2451514758032722
486,1.1888925251929574
487,1.2324182323411208
488,1.064591542565629
489,0.9656739745816793
490,0.9994257970857972
491,1.0294435467241305
492,1.1177951310114376
493,1.09241280356393
494,1.0747624605020853
495,1.1618431033457606
496,1.1951168873309548
497,1.257960175834308
498,1.3487912941054208
499,1.3223843670663344
500,1.3516528671312182
501,1.433311850874665
502,1.494964468586474
503,1.4187261827396995
504,1.2257746718439102
505,1.1750739472311535
506,1.1701455566362404
507,1.0754749257610328
508,1.081398893571253
509,1.154769739391668
510,1.0739483012761148
511,1.038008128320428
512,1.0106036001534748
513,0.9464661624393156
514,0.9814198012307243
515,0.9709724553394646
516,1.036144206070594
517,1.0043769752831704
518,1.1470489566628153
519,1.0707515972573027
520,1.0923701946438098
521,1.132549528816398
522,1.1742138045886912
523,1.240154034274282
524,1.1025513394081228
525,1.1507749712117155
526,1.0787006119900213
527,1.143167135910179
528,1.0575655204269239
529,1.1088350351448872
530,1.0318948240985928
531,0.8674644448128658
532,0.9759657643855721
533,0.9636541246325256
534,1.0043323488177314
535,0.9288373282456013
536,0.8008526110570844
537,0.7038715174026952
538,0.8206602806602421
539,0.7845166472663374
540,0.803968002663128
541,0.7089219296496163
542,0.6652934011000591
543,0.5937934311080331
544,0.5856130738822125
545,0.5490784648977042
546,0.5900064944858217
547,0.6058123606099894
548,0.5308885379673675
549,0.4385450778276804
550,0.5318299887638679
551,0.5174331105479366
552,0.5288516155465827
553,0.501139494450161
554,0.5485418388437927
555,0.41011747651106456
556,0.3411938282580514
557,0.4674787386682308
558,0.5057909892510831
559,0.44048581963312583
560,0.5682518447835119
561,0.4921454885015349
562,0.5837576429378317
563,0.47879102073641006
564,0.5175270243873231
565,0.40345595264653866
566,0.5607286713691069
567,0.6812575420972151
568,0.6895338531740064
569,0.699230449425486
570,0.6983350973270626
571,0.7032433006786476
572,0.7366960063399669
573,0.773832190126797
574,0.782495994300991
575,0.841884782400699
576,0.9242491719386638
577,0.9020492427512414
578,0.9999281383885066
579,1.148988888168614
580,1.2037747791952382
581,1.1603940963411272
582,1.1850974090978135
583,1.193626864410628
584,1.0600408260853087
585,1.0483199606606681
586,1.003540510228605
587,0.96023982956928
588,0.9275326739506677
589,0.9595533531275706
590,0.9624768729809294
591,0.9474695214072688
592,1.0158252937782344
593,1.1226019908015294
594,1.2789990270373768
595,1.2334468661167821
596,1.2466001496503232
597,1.192256146265508
598,1.3140406144410022
599,1.3345074362078884
600,1.2904164220348184
601,1.3300341830708335
602,1.3549609879811988
603,1.2764703496731085
604,1.2450367771614859
605,1.1710541177459448
606,1.1568115599393536
607,1.203480760986882
608,1.3143879337033897
609,1.388837432915007
610,1.576926447994924
611,1.4852086589004894
612,1.4752945241315663
613,1.3329621320487253
614,1.3441219854113158
615,1.386401370290721
616,1.4308269709046457
617,1.2666139294305454
618,1.2772909150085094
619,1.2971836452015448
620,1.3130962095259986
621,1.2710347539100895
622,1.2799693092485434
623,1.2491507795481858
624,1.2914294519427865
625,1.216478747213581
626,1.1608398244097
627,1.1352754657025919
628,1.1091120498919653
629,1.2160722425966968
630,1.1610560914221955
631,1.0718551142999309
632,1.110818581235146
633,1.1715138501166034
634,1.1361746489189646
635,1.0837384194508097
636,1.0195157110748267
637,1.1164543849692368
638,1.206290343098952
639,1.1291629055067183
640,1.0864260385532656
641,0.9070454243409244
642,0.8840571076089363
643,0.904859357712801
644,1.043578697673362
645,1.0322804419253264
646,1.0390870918050437
647,1.1152402380000637
648,1.130854637640367
649,1.1536675718890046
650,1.1675524823438221
651,1.1646706668354494
652,1.0996929501176715
653,1.2183663636690982
654,1.269346556021935
655,1.366970982099979
656,1.4261225543155525
657,1.273657475112636
658,1.3431418483626112
659,1.3374176010360321
660,1.3168555645721924
661,1.1934837004921688
662,1.2131543327247147
663,1.2216719272755523
664,1.1080343141672473
665,1.0849751175337066
666,1.164737219092522
667,1.1155323893851448
668,1.0459500389820864
669,1.1277953474551075
670,1.1289501438253033
671,1.1209063524422953
672,1.1607659506165746
673,1.222808282269252
674,1.1758403659022238
675,1.2375623690641138
676,1.2807129519795706
677,1.2851401041508568
678,1.066391916107848
679,1.0748407338210086
680,1.077713820403525
681,1.1668835229433976
682,1.1066191165486243
683,1.14985581979817
684,1.095208321760874
685,0.9634245537419523
686,0.9945058148379649
687,1.1030863798209236
688,1.0712549078189653
689,1.2322727671471199
690,1.2180113522638822
691,1.2310044986964317
692,1.1367859141395595
693,1.063192268187163
694,0.9754079173364066
695,0.96874121265902
696,0.8740410557752087
697,0.9335291122276097
698,1.1246373040071695
699,1.0352763276481904
700,1.02474628893914
701,1.0423587722723373
702,1.0404584255764167
703,1.1670073781855572
704,1.1447644756742386
705,1.1975237504847298
706,1.1223553718057369
707,1.115055152638463
708,1.1788081414730252
709,1.240669123644087
710,1.2770611277328696
711,1.3768404358854471
712,1.3788028796911591
713,1.4326952861202877
714,1.363452900593491
715,1.383234004396236
716,1.2713004021674914
717,1.2419172965968321
718,1.1487202134224936
719,1.1556969280970788
720,1.0783063734714544
721,1.0112376000830976
722,1.1580191653712315
723,1.130487379229787
724,1.140029580490018
725,1.1794028905906226
726,1.1539772843373226
727,1.1089110246440808
728,1.1894606737019322
729,1.2092667436529871
730,1.1273142576067596
731,1.2841848142192684
732,1.2918231982753483
733,1.3215355584274124
734,1.2982490089043528
735,1.3582834460464142
736,1.3118139907870139
737,1.4396268241755554
738,1.4615807382964783
739,1.4260800860136114
740,1.4556622982271725
741,1.5495579794635579
742,1.5009913449562797
743,1.278774331154977
744,1.1983079443002427
745,1.0404702350935404
746,0.9279808617827733
747,1.0011284763945583
748,1.0908355840655537
749,1.1292182228357517
750,1.220162470680887
751,1.1566772108842256
752,1.1761403879624182
753,1.2623401396755793
754,1.1485049651823598
755,1.2873774893546668
756,1.2265604891771167
757,1.2364540276973819
758,1.3078721912439442
759,1.2606960605100197
760,1.271636550659543
761,1.1763441301468223
762,1.0664766162272086
763,1.135373132939506
764,1.130395275192478
765,1.1275937088380936
766,1.0274413690970454
767,1.069676624460613
768,0.9445856925270144
769,0.991721794587145
770,1.071887320674712
771,1.029869449892845
772,1.064467132879245
773,1.0886640822226679
774,1.0998302054181983
775,1.1461943080191248
776,1.0845474575229153
777,1.0013649438161867
778,0.9947875288687225
779,1.0175320250577824
780,0.8599804100512974
781,0.9568103348383415
782,1.0492151488035468
783,1.041350890054027
784,1.055089076986539
785,0.9698503584819471
786,1.1558218923251347
787,1.0656894576756875
788,1.024852819240518
789,0.9999685065762289
790,0.9999432422017683
791,1.053124202075972
792,0.9536733131241429
793,0.9423732795215791
794,1.0304851842538099
795,1.0956230373300675
796,1.191282469829455
797,1.3014751575999048
798,1.3631857084621515
799,1.4594775737579995
800,1.3718176638112298
801,1.3455010103026237
802,1.2894286995544895
803,1.29443026484718
804,1.282403639944045
805,1.208998017484022
806,1.3545723378759797
807,1.36268960509139
808,1.4199103188209576
809,1.412137029079084
810,1.313259605579397
811,1.2087492340567818
812,1.205057366513732
813,1.2818764785638894
814,1.3229279344741367
815,1.3271252180877504
816,1.2230855037503678
817,1.2513232253775268
818,1.2358708383385306
819,1.2652487095278515
820,1.353819233447314
821,1.26419209853424
822,1.201448408587134
823,1.158039915939815
824,1.1719019024048396
825,1.1914432857882382
826,1.2370460338591571
827,1.1793610032101298
828,1.0246763779855688
829,1.1050582180265358
830,1.0537938296385194
831,0.9621770681700956
832,1.0077169132337054
833,1.046931128282506
834,1.120366515677429
835,0.9758217769228827
836,0.9197391241619097
837,0.9582947466390842
838,1.0362722083938056
839,1.0461626157185488
840,0.9459248505304008
841,1.0446759503647574
842,0.988872461790678
843,1.0411336173320476
844,1.0370417847505307
845,1.178990073768689
846,1.1841132338408826
847,1.1325913712316908
848,1.1251533196906989
849,1.0726312266628637
850,0.9142341388554813
851,1.0490660795522795
852,1.0102053092647478
853,1.09346101327932
854,0.9235601545813418
855,1.0362815005208508
856,1.1910008039990319
857,1.2561926864484712
858,1.1877885776598074
859,1.2856552573625362
860,1.2934423992175932
861,1.1350549913713532
862,1.059588113759174
863,1.0591793087412504
864,1.1280025819562622
865,1.0781079594524516
866,1.0783384548741923
867,1.1898512893796787
868,1.1285177731541463
869,1.0965948802219776
870,1.1245668995584357
871,1.1650644784475466
872,1.2574354135802537
873,1.267161423949043
874,1.3114734133379524
875,1.1774376501932544
876,1.2711010060228913
877,1.2792361267497923
878,1.293072529657331
879,1.3602575034837903
880,1.3279264721250945
881,1.3740122093173415
882,1.3336636040630412
883,1.2881063205406609
884,1.2279373743153537
885,1.1601007617426453
886,1.1064990474515848
887,1.0090020034229683
888,1.0103396337314987
889,0.9040386497711843
890,0.9868302941549927
891,0.9556618514031496
892,1.074665561262193
893,1.089130749321696
894,0.9623037726339855
895,0.8512798458201755
896,0.7868409518364616
897,0.900282374997259
898,0.9297534646441918
899,0.9856279132989743
900,0.9913943198957069
901,0.775190566019156
902,0.7785875940650956
903,0.8037439825653978
904,0.8257281546227913
905,0.8309534253381835
906,0.7718030832745142
907,0.6472429496727213
908,0.6172968026061382
909,0.4949754183777326
910,0.5518756560614245
911,0.5007273417329952
912,0.3451829501233108
913,0.39144488511710446
914,0.3824994353363725
915,0.382330377610631
916,0.4373728464092635
917,0.4706270350853171
918,0.5215451765494807
919,0.5376272426968625
920,0.5032030761176418
921,0.47440906966835367
922,0.43360313908244197
923,0.399037542375934
924,0.4551822354164204
925,0.46292961088824064
926,0.4777430029574878
927,0.38814576536925477
928,0.4639072306488555
929,0.4569284021843944
930,0.4065389238269407
931,0.3846937071410602
932,0.4301107140859429
933,0.19637580959698597
934,0.20001792645473263
935,0.24134713535338978
936,0.17874683960419713
937,0.33158417864081174
938,0.472119008986695
939,0.5039466096858374
940,0.44363364058541155
941,0.382681109121217
942,0.4382950329714987
943,0.38561048346817084
944,0.3594430603405323
945,0.3349968671830079
946,0.3900251293033346
947,0.42903332532483357
948,0.5612681056020375
949,0.6414930077383896
950,0.6980871363282432
951,0.784551294186495
952,0.67965954366823
953,0.6443812061049088
954,0.5954064158553659
955,0.5648242120282706
956,0.5279924714682899
957,0.5216289085131162
958,0.6862950078778922
959,0.7809512605776354
960,0.7622487983602154
961,0.7619019818852163
962,0.7778150366820592
963,0.8184493665241723
964,0.7567280609537739
965,0.5436224609308875
966,0.4356379722840245
967,0.4774063770909099
968,0.5392195814390311
969,0.49724759251864453
970,0.5534783481619455
971,0.6345703046676421
972,0.6930481202268781
973,0.4974637950430305
974,0.44789116183544164
975,0.33628498386439665
976,0.4004163279528094
977,0.33704896325612854
978,0.3768669032305697
979,0.47469965888274934
980,0.49923394786738434
981,0.4564219473495674
982,0.4908993830677099
983,0.5289460125144096
984,0.7324472138229086
985,0.7677491427719414
986,0.6510027534683154
987,0.7006594223155703
988,0.7709274344805885
989,0.9255684686800342
990,1.102023081189681
991,1.1729381131215855
992,1.1661419734686878
993,1.1273325674604568
994,1.0766339930476772
995,1.0209602440028192
996,0.9901018107036637
997,1.0223366399517595
998,0.9946431711075263
999,1.0809366761057406
1000,0.9510766031283415
1001,0.9133823811126971
1002,1.065469345625646
1003,1.0737271657068077
1004,1.0093988315072422
1005,0.9747671944235219
1006,0.986570500009149
1007,1.0514742339280392
1008,1.018903319436624
1009,1.0023089977900006
1010,0.9277845113193491
1011,0.9523733345637583
1012,0.9083626252384196
1013,1.0320215989933277
1014,1.1537101404505434
1015,1.1771210166221828
1016,1.2625158433366335
1017,1.0792169430073162
1018,1.132384986527711
1019,1.0649169399392049
1020,1.1110895688575722
1021,1.182108510503943
1022,1.166187424917026
1023,1.1608289235992497
1024,1.1560100614991973
1025,1.2143654456420225
1026,1.1778627359880833
1027,1.12499047215615
1028,1.1738187467310874
1029,1.2422185894985691
1030,1.299818574167442
1031,1.3615893665884755
1032,1.3286645759863291
1033,1.2330543465078743
1034,1.205567754380318
1035,1.2204472528669883
1036,1.336010897657338
1037,1.293366833413119
1038,1.3156168593414141
1039,1.2312434433712256
1040,1.167949417898235
1041,1.2232440947145857
1042,1.2987220833676798
1043,1.2935435470017318
1044,1.2244615061360777
1045,1.1526162027709927
1046,1.0270545557737054
1047,1.085812440131928
1048,1.0689560230013762
1049,1.0139034463160403
1050,0.9527361249490239
1051,1.105023892075562
1052,0.9608596125557853
1053,1.0004074050276033
1054,0.8572444439393352
1055,0.8795496975107027
1056,0.9025480234772834
1057,0.9125481070645461
1058,0.9516638727821308
1059,1.0567372374839712
1060,1.1104313558807757
1061,1.199322545051734
1062,1.1848118765005764
1063,1.1571097651757534
1064,1.1820032136559984
1065,1.3592756675338638
1066,1.352683624946655
1067,1.2973218673997198
1068,1.3894039206138493
1069,1.3838459398975134
1070,1.3271421116776587
1071,1.3937026380227926
1072,1.4075729828907573
1073,1.368256126795172
1074,1.3422283930356014
1075,1.1942443157484153
1076,1.1666989804424341
1077,1.183730655536316
1078,1.1328772257478918
1079,1.090119048079379
1080,1.0666817977240015
1081,1.049953136255518
1082,1.100948845832203
1083,1.051269993777967
1084,1.0807115077180731
1085,1.1254223357426003
1086,1.027439547988966
1087,0.9449227424754714
1088,0.9435405827509178
1089,0.9375041073431354
1090,0.9946310137225178
1091,0.9900880747923807
1092,1.0996521364827796
1093,1.0788827809042834
1094,1.2244113079191183
1095,1.1571109613773014
1096,1.166535324656968
1097,1.0434899799040742
1098,1.1369011004023482
1099,1.0352856738761582
1100,1.1256925646224525
1101,1.1315872272774814
1102,1.026477842167062
1103,0.8023326643921342
1104,0.697466363467908
1105,0.658665685898152
1106,0.6562361079661561
1107,0.6540414958972172
1108,0.6917941576950967
1109,0.7078335447927795
1110,0.6712727225286221
1111,0.628398118091119
1112,0.5426616415415014
1113,0.5655143401200728
1114,0.7402864341117301
1115,0.7699406852286437
1116,0.7982693014343308
1117,0.7943247360426349
1118,0.7941065089194177
1119,0.8050171010096824
1120,0.8119948762973
1121,0.918126041657682
1122,0.970371409981496
1123,0.9616712930218865
1124,1.0144431719652156
1125,1.077439630081371
1126,1.0776355852697932
1127,1.0188369971152544
1128,1.0722526385557498
1129,1.1683081666970425
1130,1.1509998528039591
1131,1.0939774585135993
1132,1.064133012368996
1133,1.1292434023100975
1134,1.1122822654810731
1135,1.1783233658032355
1136,1.2475924658190185
1137,1.0798808951849048
1138,1.0772205253351574
1139,1.0062588133870998
1140,1.042628762267894
1141,1.0155516615528208
1142,0.9410535956524617
1143,1.068776592181428
1144,1.0892202474462556
1145,1.0336292491223888
1146,1.012777324757796
1147,0.9147140688497953
1148,0.8755623946947478
1149,0.876949449318179
1150,0.9241028018280368
1151,0.9319314486231528
1152,1.1092010261814083
1153,1.0915788911066417
1154,1.145583162608669
1155,1.1417407780166202
1156,1.1189970178094677
1157,1.187194305697638
1158,1.092099031048682
1159,1.0548598721513005
1160,1.0807481951573317
1161,1.0375414230857565
1162,1.0362741321201956
1163,1.0152622953243247
1164,1.158301821039158
1165,1.2643183524481572
1166,1.2794370445176555
1167,1.1064779913772318
1168,1.0953185695362142
1169,1.0097625639438483
1170,1.0042101858934618
1171,1.112048351563091
1172,1.2409485335577701
1173,1.1539773326887066
1174,1.269017661231355
1175,1.2169740846439985
1176,1.2377123256809446
1177,1.2481894172125712
1178,1.2272728524770333
1179,1.1936912378726778
1180,1.1738448384969282
1181,1.1510871524153612
1182,1.2518895355525432
1183,1.2591609249842441
1184,1.3128109742265182
1185,1.1935401600153106
1186,1.132722363335901
1187,0.9286235276262207
1188,0.926344249674041
1189,1.0194347788184237
1190,1.1240780581572347
1191,1.1830534758052182
1192,1.3317384888013524
1193,1.3498693698149384
1194,1.1259369408731918
1195,1.2299602905984763
1196,1.2717867560356255
1197,1.2829324730695584
1198,1.0886109473197787
1199,1.0125247097015628
1200,1.0046176060970045
1201,1.0624911360033402
1202,1.0583364877452104
1203,1.0794774963581373
1204,0.9736703569908698
1205,0.7730206265859746
1206,0.7806320543780585
1207,0.7716389072934686
1208,0.8812880019499868
1209,0.8130133823066868
1210,0.8279593018825437
1211,0.7015304963390021
1212,0.7750081600090966
1213,0.755872354678197
1214,0.823850821148862
1215,0.8916302955873288
1216,0.987938890060389
1217,0.9069639296952129
1218,1.0315379437071652
1219,1.1615373306673584
1220,1.052643219676563
1221,1.0562359031957
1222,1.101315101117192
1223,1.2195941000374615
1224,1.281406589945638
1225,1.321210770733879
1226,1.422245329848906
1227,1.43066098832755
1228,1.4348469293958472
1229,1.2869220693980077
1230,1.2754914435392006
1231,1.214081458317072
1232,1.2244684684659166
1233,1.073539835473432
1234,1.0955094489342299
1235,1.077118249072555
1236,1.020115038722213
1237,1.097150638124038
1238,1.0998457275383968
1239,1.14455949003758
1240,1.0949756345570367
1241,1.102242477953245
1242,1.1630102360709942
1243,1.1950096553353178
1244,1.3181726054542862
1245,1.431595540763493
1246,1.4299418795482717
1247,1.482607245805584
1248,1.377340347280924
1249,1.3445139351311717
1250,1.2927696202771661
1251,1.2331922030009923
1252,1.199655532964888
1253,1.1879060703664874
1254,1.1834870665839665
1255,1.1822532686697471
1256,1.0755822719986745
1257,1.0894328492773366
1258,1.0733063621450267
1259,1.1599274527397925
1260,1.1552374544322304
1261,1.2054865406446735
1262,1.1332855198156315
1263,1.296119599847558
1264,1.3341277239724032
1265,1.2115898015227673
1266,1.2194390914619406
1267,1.1467661652567722
1268,1.2770311440335844
1269,1.2083610697415579
1270,1.0871044572347546
1271,1.1854207808340504
1272,1.219114908257879
1273,1.1756339432039784
1274,1.1341159712763984
1275,1.0139168914057701
1276,1.1442963901268084
1277,1.1677426599527632
1278,1.1892358567245158
1279,1.1795360133346158
1280,1.3342372892974188
1281,1.2550615113201289
1282,1.1724946102806357
1283,1.2189462071966126
1284,1.1805661699447207
1285,1.223431758278717
1286,1.1629624872521291
1287,1.2168200092709751
1288,1.2565666723418685
1289,1.2262273916177973
1290,1.0988874770595682
1291,0.9957246436695776
1292,1.0239005598131043
1293,1.1015406680217972
1294,1.0536900744902535
1295,1.0309612198132208
1296,0.9858588654781851
1297,0.9693442059884223
1298,1.0011602801941757
1299,0.8946059722066686
1300,0.9714322483209282
1301,1.0787938471617742
1302,0.9789878806712102
1303,0.9697177791568902
1304,1.023374609003302
1305,1.0556212464469872
1306,1.1131832531025412
1307,1.0393705168348077
1308,1.1747383201010604
1309,1.1693796491574693
1310,1.0982267650488156
1311,1.1599113089385082
1312,1.1406294434554314
1313,1.1019608808109993
1314,1.0763064147941177
1315,1.1503506570640882
1316,1.1069250445069605
1317,1.1699880355991017
1318,1.1991145505815073
1319,1.164521181992297
1320,1.1498287255323905
1321,1.0986202467596478
1322,0.9475133698564001
1323,0.9134206715572559
1324,1.0081129257698116
1325,1.0146764344558328
1326,1.1949462540777835
1327,1.1928234308150687
1328,1.2719353296118214
1329,1.3244672363745076
1330,1.3070426622292797
1331,1.2896736707121728
1332,1.2655791156630298
1333,1.2573104398435828
1334,1.3483357956513455
1335,1.3119155551569863
1336,1.208283698702466
1337,1.3244254997227785
1338,1.4114477014214786
1339,1.4525325029850515
1340,1.3169041657629534
1341,1.242944591837457
1342,1.0178637204564394
1343,0.9863257799001296
1344,1.0234656149619135
1345,0.9972630932816061
1346,0.919357732019245
1347,1.1507379579842316
1348,1.114239919946244
1349,1.0177996781057825
1350,1.0000960171959288
1351,0.9914038853811853
1352,1.0165910792031587
1353,1.0023270122931942
1354,1.0402331907006486
1355,1.0373602306531124
1356,1.2332698930049517
1357,1.1982178093469218
1358,1.14025744299993
1359,1.010769706438793
1360,0.8188905937539133
1361,0.9060650729060877
1362,0.86035156423529
1363,0.8512911162752376
1364,0.7860385387208291
1365,0.9288297688686933
1366,0.9168060154151231
1367,0.8888056231566926
1368,0.9255190787862312
1369,0.9290497589921073
1370,0.8380411046222401
1371,0.8741876363481137
1372,0.7525098363280571
1373,0.7876697524336105
1374,0.6584649960145277
1375,0.7273549240753193
1376,0.8051353817755565
1377,0.7518977753272335
1378,0.7017600371471473
1379,0.7307773223972164
1380,0.7841650199807043
1381,0.732859465784537
1382,0.7247411273597397
1383,0.799771052268283
1384,0.798346868096554
1385,0.7012117382416335
1386,0.6539304210399557
1387,0.7081752914506798
1388,0.7513563260070921
1389,0.6192607717244345
1390,0.6191906272490331
1391,0.6579863358914488
1392,0.5276896418347254
1393,0.3367100089912053
1394,0.4271861640728264
1395,0.5166095090032824
1396,0.5618396247059563
1397,0.653307075775957
1398,0.7618495005677717
1399,0.8845048509068264
1400,0.9435992202497347
1401,0.9173779765648179
1402,0.9117405137536645
1403,0.7965677944880449
1404,0.74755911122581
1405,0.6038674347393131
1406,0.5621265434968631
1407,0.537923078099922
1408,0.5456574291204747
1409,0.456417105632591
1410,0.5390620287554331
1411,0.624494408307579
1412,0.65345376583746
1413,0.47748489121124527
1414,0.44533029789782524
1415,0.32750694687986964
1416,0.2530914114091236
1417,0.281201991926271
1418,0.32491280020637875
1419,0.1947124925378492
1420,0.19007246175691495
1421,0.2387910859061444
1422,0.21193719725239302
1423,0.22403730936992722
1424,0.2600406844437747
1425,0.3382402640304583
1426,0.39429019927872966
1427,0.31726087233866473
1428,0.4147851812038461
1429,0.5789611289077881
1430,0.5250056466213308
1431,0.49616019959176666
1432,0.38653264347582394
1433,0.4385384768581596
1434,0.5005474498685953
1435,0.528220190404822
1436,0.6614809043131495
1437,0.6549197581756487
1438,0.7067618187096961
1439,0.6683433503931281
1440,0.7256656255758659
1441,0.7105276109058214
1442,0.7862619547128059
1443,0.8159243740317099
1444,0.8965267448613922
1445,1.1484405814922267
1446,1.1876288365305094
1447,1.2134242961107298
1448,1.3331167728984203
1449,1.1486514587033387
1450,1.1367121870483132
1451,1.2288323940489732
1452,1.3347300138280795
1453,1.3191367244735146
1454,1.3672950895587688
1455,1.2744153015077135
1456,1.2089195509297637
1457,1.3015234129878426
1458,1.2548456697290675
1459,1.2599755155389039
1460,1.2998018241436549
1461,1.332667516428067
1462,1.4130613345704581
1463,1.509919139996658
1464,1.2951542183461744
1465,1.2835240627092095
1466,1.2259439975819117
1467,1.210801961023332
1468,1.117455259696397
1469,1.1263713338579582
1470,1.0983528955329513
1471,0.9465931804293437
1472,0.8766313865321775
1473,0.8796845652103937
1474,0.8306801164306921
1475,0.8358194383966048
1476,0.9299299926888729
1477,0.8003985794656987
1478,0.8476827168933934
1479,0.7618838259297809
1480,0.810010625452332
1481,0.8431119497722105
1482,0.7102619110752926
1483,0.7722643741930589
1484,0.7645828578412814
1485,0.8042896821647674
1486,0.857312884612602
1487,0.8686024822800843
1488,0.7288849942855882
1489,0.5309879266632339
1490,0.4176357818050529
1491,0.42281725532688436
1492,0.3526547075685924
1493,0.2946730003870117
1494,0.49660186761219105
1495,0.4669095682804391
1496,0.48872472803591993
1497,0.4719744662249365
1498,0.48089725856135396
1499,0.5678320632829771
1500,0.5327390594096975
1501,0.5271399002490951
1502,0.5716496566688777
1503,0.631541045134059
1504,0.6939515250899388
1505,0.7557135817683982
1506,0.8216970515287073
1507,0.8888430882573555
1508,0.9662902318394377
1509,0.8246085568632198
1510,0.7623353008748577
1511,0.8188087507183485
1512,0.7624144821314436
1513,0.78494066301086
1514,0.741623768833297
1515,0.6701855076029092
1516,0.6543446865197406
1517,0.7886263875822448
1518,0.872097445507703
1519,0.8296198261501777
1520,0.7821713618191779
1521,0.7714225745809334
1522,0.6588753736185917
1523,0.6291704819973724
1524,0.6174033036036634
1525,0.697548482552275
1526,0.7850700682872976
1527,0.8405607984505209
1528,0.8450257993623154
1529,0.9551746172259037
1530,0.8935669335223195
1531,0.7439420533147749
1532,0.739766803060187
1533,0.7789378186645591
1534,0.854389557815252
1535,0.8695584587353721
1536,0.8462409123588193
1537,0.8692096499402934
1538,0.9103859267168866
1539,0.9198213461654731
1540,0.961739285506814
1541,0.918454371973644
1542,0.9614883214662776
1543,0.976536724892174
1544,0.8896995196563613
1545,0.946030672879407
1546,0.9049145419235226
1547,1.0647741067080385
1548,1.0171698207005957
1549,0.9292886266284135
1550,0.9332072239721666
1551,1.0184092429357041
1552,1.049119580769173
1553,1.0579012431524089
1554,1.0858929888801443
1555,1.0942216010719947
1556,0.9533714912106919
1557,0.9531528929066626
1558,0.8970934457908312
1559,0.9051605334387773
1560,0.8737705745039439
1561,0.9581698863393571
1562,1.1434788670000147
1563,1.097604252704051
1564,1.0683626804755764
1565,1.003989717025321
1566,0.9339250088991595
1567,0.8706414168429296
1568,0.8996621952548861
1569,1.019237844743296
1570,1.1995734795110387
1571,1.114429078188374
1572,1.1304177301797442
1573,1.1476102621888051
1574,1.0443876127126586
1575,1.1418376704699493
1576,1.2420859117691114
1577,1.229393465593393
1578,1.2920202182728788
1579,1.3011201612474097
1580,1.3003597957159028
1581,1.4196443203689235
1582,1.3852433550117838
1583,1.2905356473874279
1584,1.2078048224171614
1585,1.27132699634768
1586,1.250225615504512
1587,1.2123122438671023
1588,1.1253331695536615
1589,1.1304428699300422
1590,1.1583781227089522
1591,1.1190799779460499
1592,1.0531533892371887
1593,1.011933316382807
1594,1.0945373988947755
1595,1.2374358730619304
1596,1.2110561425308572
1597,1.2459935714315973
1598,1.1835379045250662
1599,1.2829236260229613
1600,1.231935361006024
1601,1.2147303814249133
1602,1.237758229637494
1603,1.1144245489632911
1604,1.0081921546666603
1605,0.9471202930144167
1606,0.9999369246744246
1607,1.1944729949028532
1608,1.001643245589348
1609,0.9388784083011416
1610,0.9479407653782846
1611,0.8790142970679925
1612,0.8660886064552666
1613,0.910688063205641
1614,0.9642070327765235
1615,0.9296043160964721
1616,0.8803696867532977
1617,0.9058478534739636
1618,0.9013062138128427
1619,0.7978786787328154
1620,0.7819515270438115
1621,0.8381489839366875
1622,0.8423041424329988
1623,0.8606047032739655
1624,0.7910785823440581
1625,0.8557213485471163
1626,0.9174837986927468
1627,0.873668311227321
1628,0.8765864351170665
1629,0.818325203458786
1630,0.7383266129975724
1631,0.7956717252590603
1632,0.8709519314698948
1633,0.9415642867404725
1634,1.0656511930924657
1635,1.0550051794605342
1636,1.046928641801116
1637,1.0915606771271467
1638,1.0745984990993165
1639,1.2101703972603108
1640,1.2741789137711503
1641,1.3522853109384907
1642,1.4419597887427158
1643,1.3778596677480068
1644,1.604679577512262
1645,1.5530620294926698
1646,1.542221246543007
1647,1.5591057107587245
1648,1.5513785980696448
1649,1.6323742041016827
1650,1.492447687864377
1651,1.5363060579437575
1652,1.4484498508886448
1653,1.4023187991214143
1654,1.4784317204588233
1655,1.4110776907681541
1656,1.4924099325790825
1657,1.3569343786858403
1658,1.2833321721089759
1659,1.220660828613127
1660,1.1955831027069956
1661,1.2068274974748467
1662,1.2818080956871092
1663,1.3318184215495605
1664,1.4438960513687258
1665,1.426147166784117
1666,1.3233049483899466
1667,1.2572650769493738
1668,1.2260819455179766
1669,1.2545217421116202
1670,1.2621423313772917
1671,1.2972014474591382
1672,1.1517250692597738
1673,1.2242374413297872
1674,1.2498329023860288
1675,1.21776722765539
1676,1.1225232537030714
1677,1.1164256329589184
1678,1.0484039023062954
1679,1.0622582146493489
1680,1.0292818382300728
1681,1.0020487376454996
1682,1.1108073355537886
1683,1.0358839992469364
1684,1.1300948350871434
1685,1.1220927131267482
1686,1.1180028405874944
1687,1.0738517034567445
1688,0.9984704362345301
1689,1.0787307928275223
1690,0.9826320859487142
1691,1.0038044181625725
1692,1.1206187258671747
1693,1.0994571893151301
1694,1.0634216874934141
1695,1.0886853205829536
1696,1.1862402717836593
1697,1.2222253336419568
1698,1.195542072330168
1699,1.08220652357934
1700,1.1072849061392382
1701,1.0531469567216363
1702,1.140195850131927
1703,1.0879233131595472
1704,1.0738692503203258
1705,0.9907580915658785
1706,1.004224839954404
1707,0.9917542830020063
1708,0.9725343077611314
1709,0.9306806606943568
1710,0.841709094178216
1711,0.7833029780339884
1712,0.7061282817789202
1713,0.6060876966604947
1714,0.4757206286377124
1715,0.45385867771471566
1716,0.5257170614457796
1717,0.537915980497965
1718,0.640317205923476
1719,0.7707446916476374
1720,0.6203479628981106
1721,0.5544087055887262
1722,0.5693406774883842
1723,0.5604376298421826
1724,0.5360840478562428
1725,0.5060650791383848
1726,0.6571230979593629
1727,0.6576167082160433
1728,0.5976755916873335
1729,0.7145464811984731
1730,0.6016182634150481
1731,0.5594437485122944
1732,0.6882330908758588
1733,0.6613761745602194
1734,0.534987702699385
1735,0.6439603266925811
1736,0.6973209974485086
1737,0.7537066000796033
1738,0.7477989896541509
1739,0.7395547417257272
1740,0.7721113585708157
1741,0.6888785345920102
1742,0.7820490783399182
1743,0.7009323689024306
1744,0.5512728541440827
1745,0.5286370553843552
1746,0.6217326020658357
1747,0.746269970126045
1748,0.7658905403832952
1749,0.8283634861197842
1750,0.7692198418567902
1751,0.6434036086271251
1752,0.7067917751527582
1753,0.8485248083183791
1754,0.9028875040608986
1755,0.9097702496415141
1756,0.8468457237150325
1757,0.7093466310631277
1758,0.7561092816801285
1759,0.6288596177805783
1760,0.5866071158540342
1761,0.5166799357501021
1762,0.5947556605730702
1763,0.7013858949963723
1764,0.7024203548873972
1765,0.7270096559615636
1766,0.717575282775036
1767,0.6704191861540673
1768,0.7290813603451449
1769,0.822515954441609
1770,0.9016706365791407
1771,0.8734219215193479
1772,0.8774959806028119
1773,0.8662115462935364
1774,0.8261456411618063
1775,0.8629415894011151
1776,0.7748458788529805
1777,0.8915528572944718
1778,0.8817517238970137
1779,0.7933504003748091
1780,0.622913357459041
1781,0.6580473825139672
1782,0.7347675390116196
1783,0.8007255392876881
1784,0.8599550595007377
1785,0.9275140179234372
1786,0.9827063356130076
1787,0.951092252901394
1788,0.919775955714804
1789,0.838312705460353
1790,0.9389931796696085
1791,0.9301599399395569
1792,0.9452443307275764
1793,0.7868502500417679
1794,0.9080064996066903
1795,0.9289752835049597
1796,0.9323624252932226
1797,0.8874559197798819
1798,0.9222224513514158
1799,0.8885536868218883
1800,0.8818291883914422
1801,0.8603315209002645
1802,0.9181676263262208
1803,0.9318880551360603
1804,0.924245846215625
1805,0.8158892024501001
1806,0.7558746969194565
1807,0.7127799657804491
1808,0.7684990704760553
1809,0.7698843106124885
1810,0.9750913292938549
1811,0.9957421395080056
1812,1.049630520374714
1813,1.084697362471637
1814,0.9549665595375572
1815,1.0327457956397161
1816,0.9720153668847495
1817,1.0996967580744461
1818,1.0268932394266823
1819,1.0126636989556976
1820,0.8902964220652876
1821,1.048173666093339
1822,1.1436811724455265
1823,1.2806130342102953
1824,1.3793013888177514
1825,1.4578810572415497
1826,1.4134679391544929
1827,1.5150549098393118
1828,1.4909698397510416
1829,1.556768065956691
1830,1.5705143662511114
1831,1.579341082616635
1832,1.4361097957041256
1833,1.3480172106816508
1834,1.223962933506184
1835,1.2526488117391554
1836,1.290388132451686
1837,1.3212735883213396
1838,1.4372324184168945
1839,1.3878303770055216
1840,1.3928814233302362
1841,1.3388278577456423
1842,1.3901173574009256
1843,1.3262467571732746
1844,1.3411937587414462
1845,1.343586369589452
1846,1.3803092803217958
1847,1.3172110868985503
1848,1.3588788954500155
1849,1.3705950173468944
1850,1.2934280312988689
1851,1.2335577417602486
1852,1.4329437024985032
1853,1.421842836172586
1854,1.3089752272418287
1855,1.3113743041867492
1856,1.2510880925728984
1857,1.1572663981715354
1858,1.0246413853148064
1859,1.0687538300245611
1860,1.0658592174884172
1861,0.9912706412900066
1862,1.0014914487573734
1863,1.0984264791636138
1864,1.1053088768396302
1865,1.098031762978074
1866,1.1323977605530822
1867,1.0026914881448636
1868,1.053934143638922
1869,1.1619632996182048
1870,1.2229412574940628
1871,1.276583593439086
1872,1.3929248005062538
1873,1.3778602069276715
1874,1.365631461343109
1875,1.227956772618371
1876,1.2188945844142425
1877,1.2617263337996358
1878,1.1591314107259743
1879,1.1724499898798884
1880,1.1364527231268349
1881,1.2264689281716687
1882,1.2076632437593569
1883,1.390052722835189
1884,1.44920626080241
1885,1.4661347859406666
1886,1.447913132410466
1887,1.5776156036956703
1888,1.634111119830841
1889,1.6221867650775876
1890,1.456643250487964
1891,1.2701833830109945
1892,1.250021376593437
1893,1.2151529812987132
1894,1.2879197621579415
1895,1.276361779122003
1896,1.2578452083112472
1897,1.153996625160815
1898,1.0966501910119295
1899,1.0911306157942888
1900,1.0404495107167013
1901,1.137172431185219
1902,1.2629924036220919
1903,1.2485253201589372
1904,1.3481200494940166
1905,1.3009741608778829
1906,1.3882374848842127
1907,1.3518910963879927
1908,1.3347908332476195
1909,1.4579303657091898
1910,1.5497343435597721
1911,1.5629184395186766
1912,1.4880107968322351
1913,1.5446414984161712
1914,1.364547899593142
1915,1.398411236410591
1916,1.4325740724441829
1917,1.5011147924774346
1918,1.5060663644981047
1919,1.4941505413044318
1920,1.3695224155610435
1921,1.4471573817805305
1922,1.4239521797951835
1923,1.232612354673882
1924,1.1219545632506778
1925,1.21872434487982
1926,1.2530121634843427
1927,1.2587305776603896
1928,1.2193926182206063
1929,1.097718350409102
1930,0.9567054756884869
1931,0.9986397384261068
1932,0.8832952500596086
1933,0.7722649947118112
1934,0.8205277927223035
1935,0.918252684330612
1936,0.7773223375007537
1937,0.7193343794584507
1938,0.7313376289904531
1939,0.8246828325430796
1940,0.9290513061393537
1941,1.0313158187640923
1942,0.8865957939858763
1943,0.7813310349998546
1944,0.8264835186149975
1945,0.8220721004424135
1946,0.8620217900596925
1947,0.8255974775496013
1948,0.8586761656734688
1949,0.7763342329410456
1950,0.7754911556840575
1951,0.8955010386695679
1952,0.9725905708443202
1953,1.043094609208836
1954,1.0308911655563602
1955,0.9677533965274829
1956,1.1092329427627157
1957,1.1382698949574404
1958,1.2008362381926374
1959,1.1934718505763418
1960,1.2997819797054775
1961,1.2754296420375553
1962,1.260070735170184
1963,1.3586959822010638
1964,1.3513980913283505
1965,1.3527566275569562
1966,1.4045360199633212
1967,1.3252036816413637
1968,1.2605821988716033
1969,1.232855112170466
1970,1.319289989346046
1971,1.2929342771688335
1972,1.3711112149230797
1973,1.27903371973662
1974,1.0981750589687183
1975,1.0896813136281243
1976,1.0511076692945518
1977,0.9842459442815675
1978,0.9317307002999675
1979,0.9902595492551401
1980,1.0405492158192673
1981,1.0861671062533793
1982,1.0788030782423146
1983,1.099875102947275
1984,0.97255833977255
1985,0.8358603376956197
1986,0.8311526235680436
1987,0.8485446570392277
1988,0.8351687906381052
1989,0.7451318469593238
1990,0.7832852077203323
1991,0.8115729916520451
1992,0.8741904175709465
1993,0.9061754335338262
1994,0.9029977732676976
1995,0.8929280267390373
1996,0.938970040336038
1997,1.0376398610378008
1998,1.0069623891789292
1999,1.0397858386284888
